time,scenario,value
2020,high_env_pol,225095394.48000002
2020,low_env_pol,225095394.48000002
2035,high_env_pol,263318745.26871532
2035,low_env_pol,223203676.39020002
2045,high_env_pol,284753987.6519724
2045,low_env_pol,219236831.1078
