year,pop
2020,83.16087
2035,82.46198
2050,80.99644
